1459626349148,59,Home Page,200,OK,Jmeter Users 1-2,text,true,41512,3,3,59
1459626349200,31,Home Page,200,OK,Jmeter Users 1-3,text,true,41512,3,3,26
1459626349301,38,Home Page,200,OK,Jmeter Users 1-4,text,true,41512,4,4,29
1459626349402,17,Home Page,200,OK,Jmeter Users 1-5,text,true,41512,5,5,11
1459626349503,18,Home Page,200,OK,Jmeter Users 1-6,text,true,41512,6,6,12
1459626349218,361,HTTP Request,200,OK,Jmeter Users 1-2,text,true,42243,6,6,297
1459626349580,18,Home Page,200,OK,Jmeter Users 1-2,text,true,41511,6,6,15
1459626349602,19,Home Page,200,OK,Jmeter Users 1-7,text,true,41512,7,7,14
1459626349232,477,HTTP Request,200,OK,Jmeter Users 1-3,text,true,42243,8,8,416
1459626349704,15,Home Page,200,OK,Jmeter Users 1-8,text,true,41512,8,8,11
1459626349710,28,Home Page,200,OK,Jmeter Users 1-3,text,true,41511,8,8,21
1459626349805,18,Home Page,200,OK,Jmeter Users 1-9,text,true,41512,9,9,13
1459626349903,16,Home Page,200,OK,Jmeter Users 1-10,text,true,41512,10,10,11
1459626349339,597,HTTP Request,200,OK,Jmeter Users 1-4,text,true,42243,10,10,480
1459626349937,28,Home Page,200,OK,Jmeter Users 1-4,text,true,41511,10,10,24
1459626349419,767,HTTP Request,200,OK,Jmeter Users 1-5,text,true,42243,10,10,627
1459626350187,36,Home Page,200,OK,Jmeter Users 1-5,text,true,41511,10,10,27
1459626349148,1118,Home Page,200,OK,Jmeter Users 1-1,text,true,41512,10,10,1114
1459626349522,887,HTTP Request,200,OK,Jmeter Users 1-6,text,true,42243,10,10,756
1459626350412,51,Home Page,200,OK,Jmeter Users 1-6,text,true,41511,10,10,40
1459626349622,1056,HTTP Request,200,OK,Jmeter Users 1-7,text,true,42243,10,10,902
1459626350679,46,Home Page,200,OK,Jmeter Users 1-7,text,true,41511,10,10,36
1459626349599,1159,HTTP Request,200,OK,Jmeter Users 1-2,text,true,42243,10,10,1034
1459626349720,1051,HTTP Request,200,OK,Jmeter Users 1-8,text,true,42243,9,9,936
1459626350772,27,Home Page,200,OK,Jmeter Users 1-8,text,true,41511,9,9,21
1459626349739,1078,HTTP Request,200,OK,Jmeter Users 1-3,text,true,42243,9,9,931
1459626349824,1077,HTTP Request,200,OK,Jmeter Users 1-9,text,true,42243,8,8,982
1459626350902,33,Home Page,200,OK,Jmeter Users 1-9,text,true,41511,8,8,22
1459626349920,1078,HTTP Request,200,OK,Jmeter Users 1-10,text,true,42243,8,8,965
1459626349967,1071,HTTP Request,200,OK,Jmeter Users 1-4,text,true,42243,8,8,962
1459626350999,51,Home Page,200,OK,Jmeter Users 1-10,text,true,41511,7,7,42
1459626350224,1015,HTTP Request,200,OK,Jmeter Users 1-5,text,true,42243,7,7,911
1459626350268,977,HTTP Request,200,OK,Jmeter Users 1-1,text,true,42243,6,6,922
1459626351245,39,Home Page,200,OK,Jmeter Users 1-1,text,true,41511,6,6,31
1459626350464,958,HTTP Request,200,OK,Jmeter Users 1-6,text,true,42243,6,6,874
1459626350800,712,HTTP Request,200,OK,Jmeter Users 1-8,text,true,42243,5,5,656
1459626350726,791,HTTP Request,200,OK,Jmeter Users 1-7,text,true,42243,4,4,733
1459626350935,628,HTTP Request,200,OK,Jmeter Users 1-9,text,true,42243,3,3,603
1459626351051,572,HTTP Request,200,OK,Jmeter Users 1-10,text,true,42243,2,2,554
1459626351285,375,HTTP Request,200,OK,Jmeter Users 1-1,text,true,42243,1,1,361
