<?xml version="1.0" encoding="UTF-8"?>
<testResults version="1.2">
<httpSample t="59" lt="59" ts="1459626349148" s="true" lb="Home Page" rc="200" rm="OK" tn="Jmeter Users 1-2" dt="text" by="41512" ng="3" na="3">
  <responseHeader class="java.lang.String">HTTP/1.1 200 OK
Date: Sat, 02 Apr 2016 19:45:41 GMT
Server: Apache/2.4.7 (Ubuntu)
X-Content-Type-Options: nosniff
X-Powered-By: PHP/5.5.9-1ubuntu4.14
X-Drupal-Cache: HIT
Expires: Sun, 26 June 1978 05:00:00 GMT
Etag: &quot;1459620838-0&quot;
Content-Language: en
X-Generator: Drupal 7 (http://drupal.org)
Link: &lt;http://pdi.dev/&gt;; rel=&quot;canonical&quot;,&lt;http://pdi.dev/&gt;; rel=&quot;shortlink&quot;
Cache-Control: public, max-age=0
Last-Modified: Sat, 02 Apr 2016 18:13:58 GMT
Vary: Cookie,Accept-Encoding
Keep-Alive: timeout=5, max=100
Connection: Keep-Alive
Transfer-Encoding: chunked
Content-Type: text/html; charset=utf-8
</responseHeader>
  <requestHeader class="java.lang.String">Connection: keep-alive
Host: pdi.dev
User-Agent: Apache-HttpClient/4.2.6 (java 1.5)
</requestHeader>
  <cookies class="java.lang.String"></cookies>
  <method class="java.lang.String">GET</method>
  <queryString class="java.lang.String"></queryString>
</httpSample>
<httpSample t="31" lt="26" ts="1459626349200" s="true" lb="Home Page" rc="200" rm="OK" tn="Jmeter Users 1-3" dt="text" by="41512" ng="3" na="3">
  <responseHeader class="java.lang.String">HTTP/1.1 200 OK
Date: Sat, 02 Apr 2016 19:45:41 GMT
Server: Apache/2.4.7 (Ubuntu)
X-Content-Type-Options: nosniff
X-Powered-By: PHP/5.5.9-1ubuntu4.14
X-Drupal-Cache: HIT
Expires: Sun, 26 June 1978 05:00:00 GMT
Etag: &quot;1459620838-0&quot;
Content-Language: en
X-Generator: Drupal 7 (http://drupal.org)
Link: &lt;http://pdi.dev/&gt;; rel=&quot;canonical&quot;,&lt;http://pdi.dev/&gt;; rel=&quot;shortlink&quot;
Cache-Control: public, max-age=0
Last-Modified: Sat, 02 Apr 2016 18:13:58 GMT
Vary: Cookie,Accept-Encoding
Keep-Alive: timeout=5, max=100
Connection: Keep-Alive
Transfer-Encoding: chunked
Content-Type: text/html; charset=utf-8
</responseHeader>
  <requestHeader class="java.lang.String">Connection: keep-alive
Host: pdi.dev
User-Agent: Apache-HttpClient/4.2.6 (java 1.5)
</requestHeader>
  <cookies class="java.lang.String"></cookies>
  <method class="java.lang.String">GET</method>
  <queryString class="java.lang.String"></queryString>
</httpSample>
<httpSample t="38" lt="29" ts="1459626349301" s="true" lb="Home Page" rc="200" rm="OK" tn="Jmeter Users 1-4" dt="text" by="41512" ng="4" na="4">
  <responseHeader class="java.lang.String">HTTP/1.1 200 OK
Date: Sat, 02 Apr 2016 19:45:42 GMT
Server: Apache/2.4.7 (Ubuntu)
X-Content-Type-Options: nosniff
X-Powered-By: PHP/5.5.9-1ubuntu4.14
X-Drupal-Cache: HIT
Expires: Sun, 26 June 1978 05:00:00 GMT
Etag: &quot;1459620838-0&quot;
Content-Language: en
X-Generator: Drupal 7 (http://drupal.org)
Link: &lt;http://pdi.dev/&gt;; rel=&quot;canonical&quot;,&lt;http://pdi.dev/&gt;; rel=&quot;shortlink&quot;
Cache-Control: public, max-age=0
Last-Modified: Sat, 02 Apr 2016 18:13:58 GMT
Vary: Cookie,Accept-Encoding
Keep-Alive: timeout=5, max=100
Connection: Keep-Alive
Transfer-Encoding: chunked
Content-Type: text/html; charset=utf-8
</responseHeader>
  <requestHeader class="java.lang.String">Connection: keep-alive
Host: pdi.dev
User-Agent: Apache-HttpClient/4.2.6 (java 1.5)
</requestHeader>
  <cookies class="java.lang.String"></cookies>
  <method class="java.lang.String">GET</method>
  <queryString class="java.lang.String"></queryString>
</httpSample>
<httpSample t="17" lt="11" ts="1459626349402" s="true" lb="Home Page" rc="200" rm="OK" tn="Jmeter Users 1-5" dt="text" by="41512" ng="5" na="5">
  <responseHeader class="java.lang.String">HTTP/1.1 200 OK
Date: Sat, 02 Apr 2016 19:45:42 GMT
Server: Apache/2.4.7 (Ubuntu)
X-Content-Type-Options: nosniff
X-Powered-By: PHP/5.5.9-1ubuntu4.14
X-Drupal-Cache: HIT
Expires: Sun, 26 June 1978 05:00:00 GMT
Etag: &quot;1459620838-0&quot;
Content-Language: en
X-Generator: Drupal 7 (http://drupal.org)
Link: &lt;http://pdi.dev/&gt;; rel=&quot;canonical&quot;,&lt;http://pdi.dev/&gt;; rel=&quot;shortlink&quot;
Cache-Control: public, max-age=0
Last-Modified: Sat, 02 Apr 2016 18:13:58 GMT
Vary: Cookie,Accept-Encoding
Keep-Alive: timeout=5, max=100
Connection: Keep-Alive
Transfer-Encoding: chunked
Content-Type: text/html; charset=utf-8
</responseHeader>
  <requestHeader class="java.lang.String">Connection: keep-alive
Host: pdi.dev
User-Agent: Apache-HttpClient/4.2.6 (java 1.5)
</requestHeader>
  <cookies class="java.lang.String"></cookies>
  <method class="java.lang.String">GET</method>
  <queryString class="java.lang.String"></queryString>
</httpSample>
<httpSample t="18" lt="12" ts="1459626349503" s="true" lb="Home Page" rc="200" rm="OK" tn="Jmeter Users 1-6" dt="text" by="41512" ng="6" na="6">
  <responseHeader class="java.lang.String">HTTP/1.1 200 OK
Date: Sat, 02 Apr 2016 19:45:42 GMT
Server: Apache/2.4.7 (Ubuntu)
X-Content-Type-Options: nosniff
X-Powered-By: PHP/5.5.9-1ubuntu4.14
X-Drupal-Cache: HIT
Expires: Sun, 26 June 1978 05:00:00 GMT
Etag: &quot;1459620838-0&quot;
Content-Language: en
X-Generator: Drupal 7 (http://drupal.org)
Link: &lt;http://pdi.dev/&gt;; rel=&quot;canonical&quot;,&lt;http://pdi.dev/&gt;; rel=&quot;shortlink&quot;
Cache-Control: public, max-age=0
Last-Modified: Sat, 02 Apr 2016 18:13:58 GMT
Vary: Cookie,Accept-Encoding
Keep-Alive: timeout=5, max=100
Connection: Keep-Alive
Transfer-Encoding: chunked
Content-Type: text/html; charset=utf-8
</responseHeader>
  <requestHeader class="java.lang.String">Connection: keep-alive
Host: pdi.dev
User-Agent: Apache-HttpClient/4.2.6 (java 1.5)
</requestHeader>
  <cookies class="java.lang.String"></cookies>
  <method class="java.lang.String">GET</method>
  <queryString class="java.lang.String"></queryString>
</httpSample>
<httpSample t="361" lt="297" ts="1459626349218" s="true" lb="HTTP Request" rc="200" rm="OK" tn="Jmeter Users 1-2" dt="text" by="42243" ng="6" na="6">
  <responseHeader class="java.lang.String">HTTP/1.1 200 OK
Date: Sat, 02 Apr 2016 19:45:41 GMT
Server: Apache/2.4.7 (Ubuntu)
X-Content-Type-Options: nosniff
X-Powered-By: PHP/5.5.9-1ubuntu4.14
X-Drupal-Cache: MISS
Expires: Sun, 26 June 1978 05:00:00 GMT
Cache-Control: no-cache, must-revalidate, post-check=0, pre-check=0
X-Content-Type-Options: nosniff
Content-Language: en
X-Generator: Drupal 7 (http://drupal.org)
Link: &lt;http://pdi.dev/contact-us&gt;; rel=&quot;canonical&quot;,&lt;http://pdi.dev/node/29&gt;; rel=&quot;shortlink&quot;
Vary: Accept-Encoding
Keep-Alive: timeout=5, max=99
Connection: Keep-Alive
Transfer-Encoding: chunked
Content-Type: text/html; charset=utf-8
</responseHeader>
  <requestHeader class="java.lang.String">Connection: keep-alive
Host: pdi.dev
User-Agent: Apache-HttpClient/4.2.6 (java 1.5)
</requestHeader>
  <cookies class="java.lang.String"></cookies>
  <method class="java.lang.String">GET</method>
  <queryString class="java.lang.String"></queryString>
</httpSample>
<httpSample t="18" lt="15" ts="1459626349580" s="true" lb="Home Page" rc="200" rm="OK" tn="Jmeter Users 1-2" dt="text" by="41511" ng="6" na="6">
  <responseHeader class="java.lang.String">HTTP/1.1 200 OK
Date: Sat, 02 Apr 2016 19:45:42 GMT
Server: Apache/2.4.7 (Ubuntu)
X-Content-Type-Options: nosniff
X-Powered-By: PHP/5.5.9-1ubuntu4.14
X-Drupal-Cache: HIT
Expires: Sun, 26 June 1978 05:00:00 GMT
Etag: &quot;1459620838-0&quot;
Content-Language: en
X-Generator: Drupal 7 (http://drupal.org)
Link: &lt;http://pdi.dev/&gt;; rel=&quot;canonical&quot;,&lt;http://pdi.dev/&gt;; rel=&quot;shortlink&quot;
Cache-Control: public, max-age=0
Last-Modified: Sat, 02 Apr 2016 18:13:58 GMT
Vary: Cookie,Accept-Encoding
Keep-Alive: timeout=5, max=98
Connection: Keep-Alive
Transfer-Encoding: chunked
Content-Type: text/html; charset=utf-8
</responseHeader>
  <requestHeader class="java.lang.String">Connection: keep-alive
Host: pdi.dev
User-Agent: Apache-HttpClient/4.2.6 (java 1.5)
</requestHeader>
  <cookies class="java.lang.String"></cookies>
  <method class="java.lang.String">GET</method>
  <queryString class="java.lang.String"></queryString>
</httpSample>
<httpSample t="19" lt="14" ts="1459626349602" s="true" lb="Home Page" rc="200" rm="OK" tn="Jmeter Users 1-7" dt="text" by="41512" ng="7" na="7">
  <responseHeader class="java.lang.String">HTTP/1.1 200 OK
Date: Sat, 02 Apr 2016 19:45:42 GMT
Server: Apache/2.4.7 (Ubuntu)
X-Content-Type-Options: nosniff
X-Powered-By: PHP/5.5.9-1ubuntu4.14
X-Drupal-Cache: HIT
Expires: Sun, 26 June 1978 05:00:00 GMT
Etag: &quot;1459620838-0&quot;
Content-Language: en
X-Generator: Drupal 7 (http://drupal.org)
Link: &lt;http://pdi.dev/&gt;; rel=&quot;canonical&quot;,&lt;http://pdi.dev/&gt;; rel=&quot;shortlink&quot;
Cache-Control: public, max-age=0
Last-Modified: Sat, 02 Apr 2016 18:13:58 GMT
Vary: Cookie,Accept-Encoding
Keep-Alive: timeout=5, max=100
Connection: Keep-Alive
Transfer-Encoding: chunked
Content-Type: text/html; charset=utf-8
</responseHeader>
  <requestHeader class="java.lang.String">Connection: keep-alive
Host: pdi.dev
User-Agent: Apache-HttpClient/4.2.6 (java 1.5)
</requestHeader>
  <cookies class="java.lang.String"></cookies>
  <method class="java.lang.String">GET</method>
  <queryString class="java.lang.String"></queryString>
</httpSample>
<httpSample t="477" lt="416" ts="1459626349232" s="true" lb="HTTP Request" rc="200" rm="OK" tn="Jmeter Users 1-3" dt="text" by="42243" ng="8" na="8">
  <responseHeader class="java.lang.String">HTTP/1.1 200 OK
Date: Sat, 02 Apr 2016 19:45:41 GMT
Server: Apache/2.4.7 (Ubuntu)
X-Content-Type-Options: nosniff
X-Powered-By: PHP/5.5.9-1ubuntu4.14
X-Drupal-Cache: MISS
Expires: Sun, 26 June 1978 05:00:00 GMT
Cache-Control: no-cache, must-revalidate, post-check=0, pre-check=0
X-Content-Type-Options: nosniff
Content-Language: en
X-Generator: Drupal 7 (http://drupal.org)
Link: &lt;http://pdi.dev/contact-us&gt;; rel=&quot;canonical&quot;,&lt;http://pdi.dev/node/29&gt;; rel=&quot;shortlink&quot;
Vary: Accept-Encoding
Keep-Alive: timeout=5, max=99
Connection: Keep-Alive
Transfer-Encoding: chunked
Content-Type: text/html; charset=utf-8
</responseHeader>
  <requestHeader class="java.lang.String">Connection: keep-alive
Host: pdi.dev
User-Agent: Apache-HttpClient/4.2.6 (java 1.5)
</requestHeader>
  <cookies class="java.lang.String"></cookies>
  <method class="java.lang.String">GET</method>
  <queryString class="java.lang.String"></queryString>
</httpSample>
<httpSample t="15" lt="11" ts="1459626349704" s="true" lb="Home Page" rc="200" rm="OK" tn="Jmeter Users 1-8" dt="text" by="41512" ng="8" na="8">
  <responseHeader class="java.lang.String">HTTP/1.1 200 OK
Date: Sat, 02 Apr 2016 19:45:42 GMT
Server: Apache/2.4.7 (Ubuntu)
X-Content-Type-Options: nosniff
X-Powered-By: PHP/5.5.9-1ubuntu4.14
X-Drupal-Cache: HIT
Expires: Sun, 26 June 1978 05:00:00 GMT
Etag: &quot;1459620838-0&quot;
Content-Language: en
X-Generator: Drupal 7 (http://drupal.org)
Link: &lt;http://pdi.dev/&gt;; rel=&quot;canonical&quot;,&lt;http://pdi.dev/&gt;; rel=&quot;shortlink&quot;
Cache-Control: public, max-age=0
Last-Modified: Sat, 02 Apr 2016 18:13:58 GMT
Vary: Cookie,Accept-Encoding
Keep-Alive: timeout=5, max=100
Connection: Keep-Alive
Transfer-Encoding: chunked
Content-Type: text/html; charset=utf-8
</responseHeader>
  <requestHeader class="java.lang.String">Connection: keep-alive
Host: pdi.dev
User-Agent: Apache-HttpClient/4.2.6 (java 1.5)
</requestHeader>
  <cookies class="java.lang.String"></cookies>
  <method class="java.lang.String">GET</method>
  <queryString class="java.lang.String"></queryString>
</httpSample>
<httpSample t="28" lt="21" ts="1459626349710" s="true" lb="Home Page" rc="200" rm="OK" tn="Jmeter Users 1-3" dt="text" by="41511" ng="8" na="8">
  <responseHeader class="java.lang.String">HTTP/1.1 200 OK
Date: Sat, 02 Apr 2016 19:45:42 GMT
Server: Apache/2.4.7 (Ubuntu)
X-Content-Type-Options: nosniff
X-Powered-By: PHP/5.5.9-1ubuntu4.14
X-Drupal-Cache: HIT
Expires: Sun, 26 June 1978 05:00:00 GMT
Etag: &quot;1459620838-0&quot;
Content-Language: en
X-Generator: Drupal 7 (http://drupal.org)
Link: &lt;http://pdi.dev/&gt;; rel=&quot;canonical&quot;,&lt;http://pdi.dev/&gt;; rel=&quot;shortlink&quot;
Cache-Control: public, max-age=0
Last-Modified: Sat, 02 Apr 2016 18:13:58 GMT
Vary: Cookie,Accept-Encoding
Keep-Alive: timeout=5, max=98
Connection: Keep-Alive
Transfer-Encoding: chunked
Content-Type: text/html; charset=utf-8
</responseHeader>
  <requestHeader class="java.lang.String">Connection: keep-alive
Host: pdi.dev
User-Agent: Apache-HttpClient/4.2.6 (java 1.5)
</requestHeader>
  <cookies class="java.lang.String"></cookies>
  <method class="java.lang.String">GET</method>
  <queryString class="java.lang.String"></queryString>
</httpSample>
<httpSample t="18" lt="13" ts="1459626349805" s="true" lb="Home Page" rc="200" rm="OK" tn="Jmeter Users 1-9" dt="text" by="41512" ng="9" na="9">
  <responseHeader class="java.lang.String">HTTP/1.1 200 OK
Date: Sat, 02 Apr 2016 19:45:42 GMT
Server: Apache/2.4.7 (Ubuntu)
X-Content-Type-Options: nosniff
X-Powered-By: PHP/5.5.9-1ubuntu4.14
X-Drupal-Cache: HIT
Expires: Sun, 26 June 1978 05:00:00 GMT
Etag: &quot;1459620838-0&quot;
Content-Language: en
X-Generator: Drupal 7 (http://drupal.org)
Link: &lt;http://pdi.dev/&gt;; rel=&quot;canonical&quot;,&lt;http://pdi.dev/&gt;; rel=&quot;shortlink&quot;
Cache-Control: public, max-age=0
Last-Modified: Sat, 02 Apr 2016 18:13:58 GMT
Vary: Cookie,Accept-Encoding
Keep-Alive: timeout=5, max=100
Connection: Keep-Alive
Transfer-Encoding: chunked
Content-Type: text/html; charset=utf-8
</responseHeader>
  <requestHeader class="java.lang.String">Connection: keep-alive
Host: pdi.dev
User-Agent: Apache-HttpClient/4.2.6 (java 1.5)
</requestHeader>
  <cookies class="java.lang.String"></cookies>
  <method class="java.lang.String">GET</method>
  <queryString class="java.lang.String"></queryString>
</httpSample>
<httpSample t="16" lt="11" ts="1459626349903" s="true" lb="Home Page" rc="200" rm="OK" tn="Jmeter Users 1-10" dt="text" by="41512" ng="10" na="10">
  <responseHeader class="java.lang.String">HTTP/1.1 200 OK
Date: Sat, 02 Apr 2016 19:45:42 GMT
Server: Apache/2.4.7 (Ubuntu)
X-Content-Type-Options: nosniff
X-Powered-By: PHP/5.5.9-1ubuntu4.14
X-Drupal-Cache: HIT
Expires: Sun, 26 June 1978 05:00:00 GMT
Etag: &quot;1459620838-0&quot;
Content-Language: en
X-Generator: Drupal 7 (http://drupal.org)
Link: &lt;http://pdi.dev/&gt;; rel=&quot;canonical&quot;,&lt;http://pdi.dev/&gt;; rel=&quot;shortlink&quot;
Cache-Control: public, max-age=0
Last-Modified: Sat, 02 Apr 2016 18:13:58 GMT
Vary: Cookie,Accept-Encoding
Keep-Alive: timeout=5, max=100
Connection: Keep-Alive
Transfer-Encoding: chunked
Content-Type: text/html; charset=utf-8
</responseHeader>
  <requestHeader class="java.lang.String">Connection: keep-alive
Host: pdi.dev
User-Agent: Apache-HttpClient/4.2.6 (java 1.5)
</requestHeader>
  <cookies class="java.lang.String"></cookies>
  <method class="java.lang.String">GET</method>
  <queryString class="java.lang.String"></queryString>
</httpSample>
<httpSample t="597" lt="480" ts="1459626349339" s="true" lb="HTTP Request" rc="200" rm="OK" tn="Jmeter Users 1-4" dt="text" by="42243" ng="10" na="10">
  <responseHeader class="java.lang.String">HTTP/1.1 200 OK
Date: Sat, 02 Apr 2016 19:45:42 GMT
Server: Apache/2.4.7 (Ubuntu)
X-Content-Type-Options: nosniff
X-Powered-By: PHP/5.5.9-1ubuntu4.14
X-Drupal-Cache: MISS
Expires: Sun, 26 June 1978 05:00:00 GMT
Cache-Control: no-cache, must-revalidate, post-check=0, pre-check=0
X-Content-Type-Options: nosniff
Content-Language: en
X-Generator: Drupal 7 (http://drupal.org)
Link: &lt;http://pdi.dev/contact-us&gt;; rel=&quot;canonical&quot;,&lt;http://pdi.dev/node/29&gt;; rel=&quot;shortlink&quot;
Vary: Accept-Encoding
Keep-Alive: timeout=5, max=99
Connection: Keep-Alive
Transfer-Encoding: chunked
Content-Type: text/html; charset=utf-8
</responseHeader>
  <requestHeader class="java.lang.String">Connection: keep-alive
Host: pdi.dev
User-Agent: Apache-HttpClient/4.2.6 (java 1.5)
</requestHeader>
  <cookies class="java.lang.String"></cookies>
  <method class="java.lang.String">GET</method>
  <queryString class="java.lang.String"></queryString>
</httpSample>
<httpSample t="28" lt="24" ts="1459626349937" s="true" lb="Home Page" rc="200" rm="OK" tn="Jmeter Users 1-4" dt="text" by="41511" ng="10" na="10">
  <responseHeader class="java.lang.String">HTTP/1.1 200 OK
Date: Sat, 02 Apr 2016 19:45:42 GMT
Server: Apache/2.4.7 (Ubuntu)
X-Content-Type-Options: nosniff
X-Powered-By: PHP/5.5.9-1ubuntu4.14
X-Drupal-Cache: HIT
Expires: Sun, 26 June 1978 05:00:00 GMT
Etag: &quot;1459620838-0&quot;
Content-Language: en
X-Generator: Drupal 7 (http://drupal.org)
Link: &lt;http://pdi.dev/&gt;; rel=&quot;canonical&quot;,&lt;http://pdi.dev/&gt;; rel=&quot;shortlink&quot;
Cache-Control: public, max-age=0
Last-Modified: Sat, 02 Apr 2016 18:13:58 GMT
Vary: Cookie,Accept-Encoding
Keep-Alive: timeout=5, max=98
Connection: Keep-Alive
Transfer-Encoding: chunked
Content-Type: text/html; charset=utf-8
</responseHeader>
  <requestHeader class="java.lang.String">Connection: keep-alive
Host: pdi.dev
User-Agent: Apache-HttpClient/4.2.6 (java 1.5)
</requestHeader>
  <cookies class="java.lang.String"></cookies>
  <method class="java.lang.String">GET</method>
  <queryString class="java.lang.String"></queryString>
</httpSample>
<httpSample t="767" lt="627" ts="1459626349419" s="true" lb="HTTP Request" rc="200" rm="OK" tn="Jmeter Users 1-5" dt="text" by="42243" ng="10" na="10">
  <responseHeader class="java.lang.String">HTTP/1.1 200 OK
Date: Sat, 02 Apr 2016 19:45:42 GMT
Server: Apache/2.4.7 (Ubuntu)
X-Content-Type-Options: nosniff
X-Powered-By: PHP/5.5.9-1ubuntu4.14
X-Drupal-Cache: MISS
Expires: Sun, 26 June 1978 05:00:00 GMT
Cache-Control: no-cache, must-revalidate, post-check=0, pre-check=0
X-Content-Type-Options: nosniff
Content-Language: en
X-Generator: Drupal 7 (http://drupal.org)
Link: &lt;http://pdi.dev/contact-us&gt;; rel=&quot;canonical&quot;,&lt;http://pdi.dev/node/29&gt;; rel=&quot;shortlink&quot;
Vary: Accept-Encoding
Keep-Alive: timeout=5, max=99
Connection: Keep-Alive
Transfer-Encoding: chunked
Content-Type: text/html; charset=utf-8
</responseHeader>
  <requestHeader class="java.lang.String">Connection: keep-alive
Host: pdi.dev
User-Agent: Apache-HttpClient/4.2.6 (java 1.5)
</requestHeader>
  <cookies class="java.lang.String"></cookies>
  <method class="java.lang.String">GET</method>
  <queryString class="java.lang.String"></queryString>
</httpSample>
<httpSample t="36" lt="27" ts="1459626350187" s="true" lb="Home Page" rc="200" rm="OK" tn="Jmeter Users 1-5" dt="text" by="41511" ng="10" na="10">
  <responseHeader class="java.lang.String">HTTP/1.1 200 OK
Date: Sat, 02 Apr 2016 19:45:42 GMT
Server: Apache/2.4.7 (Ubuntu)
X-Content-Type-Options: nosniff
X-Powered-By: PHP/5.5.9-1ubuntu4.14
X-Drupal-Cache: HIT
Expires: Sun, 26 June 1978 05:00:00 GMT
Etag: &quot;1459620838-0&quot;
Content-Language: en
X-Generator: Drupal 7 (http://drupal.org)
Link: &lt;http://pdi.dev/&gt;; rel=&quot;canonical&quot;,&lt;http://pdi.dev/&gt;; rel=&quot;shortlink&quot;
Cache-Control: public, max-age=0
Last-Modified: Sat, 02 Apr 2016 18:13:58 GMT
Vary: Cookie,Accept-Encoding
Keep-Alive: timeout=5, max=98
Connection: Keep-Alive
Transfer-Encoding: chunked
Content-Type: text/html; charset=utf-8
</responseHeader>
  <requestHeader class="java.lang.String">Connection: keep-alive
Host: pdi.dev
User-Agent: Apache-HttpClient/4.2.6 (java 1.5)
</requestHeader>
  <cookies class="java.lang.String"></cookies>
  <method class="java.lang.String">GET</method>
  <queryString class="java.lang.String"></queryString>
</httpSample>
<httpSample t="1118" lt="1114" ts="1459626349148" s="true" lb="Home Page" rc="200" rm="OK" tn="Jmeter Users 1-1" dt="text" by="41512" ng="10" na="10">
  <responseHeader class="java.lang.String">HTTP/1.1 200 OK
Date: Sat, 02 Apr 2016 19:45:42 GMT
Server: Apache/2.4.7 (Ubuntu)
X-Content-Type-Options: nosniff
X-Powered-By: PHP/5.5.9-1ubuntu4.14
X-Drupal-Cache: HIT
Expires: Sun, 26 June 1978 05:00:00 GMT
Etag: &quot;1459620838-0&quot;
Content-Language: en
X-Generator: Drupal 7 (http://drupal.org)
Link: &lt;http://pdi.dev/&gt;; rel=&quot;canonical&quot;,&lt;http://pdi.dev/&gt;; rel=&quot;shortlink&quot;
Cache-Control: public, max-age=0
Last-Modified: Sat, 02 Apr 2016 18:13:58 GMT
Vary: Cookie,Accept-Encoding
Keep-Alive: timeout=5, max=100
Connection: Keep-Alive
Transfer-Encoding: chunked
Content-Type: text/html; charset=utf-8
</responseHeader>
  <requestHeader class="java.lang.String">Connection: keep-alive
Host: pdi.dev
User-Agent: Apache-HttpClient/4.2.6 (java 1.5)
</requestHeader>
  <cookies class="java.lang.String"></cookies>
  <method class="java.lang.String">GET</method>
  <queryString class="java.lang.String"></queryString>
</httpSample>
<httpSample t="887" lt="756" ts="1459626349522" s="true" lb="HTTP Request" rc="200" rm="OK" tn="Jmeter Users 1-6" dt="text" by="42243" ng="10" na="10">
  <responseHeader class="java.lang.String">HTTP/1.1 200 OK
Date: Sat, 02 Apr 2016 19:45:42 GMT
Server: Apache/2.4.7 (Ubuntu)
X-Content-Type-Options: nosniff
X-Powered-By: PHP/5.5.9-1ubuntu4.14
X-Drupal-Cache: MISS
Expires: Sun, 26 June 1978 05:00:00 GMT
Cache-Control: no-cache, must-revalidate, post-check=0, pre-check=0
X-Content-Type-Options: nosniff
Content-Language: en
X-Generator: Drupal 7 (http://drupal.org)
Link: &lt;http://pdi.dev/contact-us&gt;; rel=&quot;canonical&quot;,&lt;http://pdi.dev/node/29&gt;; rel=&quot;shortlink&quot;
Vary: Accept-Encoding
Keep-Alive: timeout=5, max=99
Connection: Keep-Alive
Transfer-Encoding: chunked
Content-Type: text/html; charset=utf-8
</responseHeader>
  <requestHeader class="java.lang.String">Connection: keep-alive
Host: pdi.dev
User-Agent: Apache-HttpClient/4.2.6 (java 1.5)
</requestHeader>
  <cookies class="java.lang.String"></cookies>
  <method class="java.lang.String">GET</method>
  <queryString class="java.lang.String"></queryString>
</httpSample>
<httpSample t="51" lt="40" ts="1459626350412" s="true" lb="Home Page" rc="200" rm="OK" tn="Jmeter Users 1-6" dt="text" by="41511" ng="10" na="10">
  <responseHeader class="java.lang.String">HTTP/1.1 200 OK
Date: Sat, 02 Apr 2016 19:45:43 GMT
Server: Apache/2.4.7 (Ubuntu)
X-Content-Type-Options: nosniff
X-Powered-By: PHP/5.5.9-1ubuntu4.14
X-Drupal-Cache: HIT
Expires: Sun, 26 June 1978 05:00:00 GMT
Etag: &quot;1459620838-0&quot;
Content-Language: en
X-Generator: Drupal 7 (http://drupal.org)
Link: &lt;http://pdi.dev/&gt;; rel=&quot;canonical&quot;,&lt;http://pdi.dev/&gt;; rel=&quot;shortlink&quot;
Cache-Control: public, max-age=0
Last-Modified: Sat, 02 Apr 2016 18:13:58 GMT
Vary: Cookie,Accept-Encoding
Keep-Alive: timeout=5, max=98
Connection: Keep-Alive
Transfer-Encoding: chunked
Content-Type: text/html; charset=utf-8
</responseHeader>
  <requestHeader class="java.lang.String">Connection: keep-alive
Host: pdi.dev
User-Agent: Apache-HttpClient/4.2.6 (java 1.5)
</requestHeader>
  <cookies class="java.lang.String"></cookies>
  <method class="java.lang.String">GET</method>
  <queryString class="java.lang.String"></queryString>
</httpSample>
<httpSample t="1056" lt="902" ts="1459626349622" s="true" lb="HTTP Request" rc="200" rm="OK" tn="Jmeter Users 1-7" dt="text" by="42243" ng="10" na="10">
  <responseHeader class="java.lang.String">HTTP/1.1 200 OK
Date: Sat, 02 Apr 2016 19:45:42 GMT
Server: Apache/2.4.7 (Ubuntu)
X-Content-Type-Options: nosniff
X-Powered-By: PHP/5.5.9-1ubuntu4.14
X-Drupal-Cache: MISS
Expires: Sun, 26 June 1978 05:00:00 GMT
Cache-Control: no-cache, must-revalidate, post-check=0, pre-check=0
X-Content-Type-Options: nosniff
Content-Language: en
X-Generator: Drupal 7 (http://drupal.org)
Link: &lt;http://pdi.dev/contact-us&gt;; rel=&quot;canonical&quot;,&lt;http://pdi.dev/node/29&gt;; rel=&quot;shortlink&quot;
Vary: Accept-Encoding
Keep-Alive: timeout=5, max=99
Connection: Keep-Alive
Transfer-Encoding: chunked
Content-Type: text/html; charset=utf-8
</responseHeader>
  <requestHeader class="java.lang.String">Connection: keep-alive
Host: pdi.dev
User-Agent: Apache-HttpClient/4.2.6 (java 1.5)
</requestHeader>
  <cookies class="java.lang.String"></cookies>
  <method class="java.lang.String">GET</method>
  <queryString class="java.lang.String"></queryString>
</httpSample>
<httpSample t="46" lt="36" ts="1459626350679" s="true" lb="Home Page" rc="200" rm="OK" tn="Jmeter Users 1-7" dt="text" by="41511" ng="10" na="10">
  <responseHeader class="java.lang.String">HTTP/1.1 200 OK
Date: Sat, 02 Apr 2016 19:45:43 GMT
Server: Apache/2.4.7 (Ubuntu)
X-Content-Type-Options: nosniff
X-Powered-By: PHP/5.5.9-1ubuntu4.14
X-Drupal-Cache: HIT
Expires: Sun, 26 June 1978 05:00:00 GMT
Etag: &quot;1459620838-0&quot;
Content-Language: en
X-Generator: Drupal 7 (http://drupal.org)
Link: &lt;http://pdi.dev/&gt;; rel=&quot;canonical&quot;,&lt;http://pdi.dev/&gt;; rel=&quot;shortlink&quot;
Cache-Control: public, max-age=0
Last-Modified: Sat, 02 Apr 2016 18:13:58 GMT
Vary: Cookie,Accept-Encoding
Keep-Alive: timeout=5, max=98
Connection: Keep-Alive
Transfer-Encoding: chunked
Content-Type: text/html; charset=utf-8
</responseHeader>
  <requestHeader class="java.lang.String">Connection: keep-alive
Host: pdi.dev
User-Agent: Apache-HttpClient/4.2.6 (java 1.5)
</requestHeader>
  <cookies class="java.lang.String"></cookies>
  <method class="java.lang.String">GET</method>
  <queryString class="java.lang.String"></queryString>
</httpSample>
<httpSample t="1159" lt="1034" ts="1459626349599" s="true" lb="HTTP Request" rc="200" rm="OK" tn="Jmeter Users 1-2" dt="text" by="42243" ng="10" na="10">
  <responseHeader class="java.lang.String">HTTP/1.1 200 OK
Date: Sat, 02 Apr 2016 19:45:42 GMT
Server: Apache/2.4.7 (Ubuntu)
X-Content-Type-Options: nosniff
X-Powered-By: PHP/5.5.9-1ubuntu4.14
X-Drupal-Cache: MISS
Expires: Sun, 26 June 1978 05:00:00 GMT
Cache-Control: no-cache, must-revalidate, post-check=0, pre-check=0
X-Content-Type-Options: nosniff
Content-Language: en
X-Generator: Drupal 7 (http://drupal.org)
Link: &lt;http://pdi.dev/contact-us&gt;; rel=&quot;canonical&quot;,&lt;http://pdi.dev/node/29&gt;; rel=&quot;shortlink&quot;
Vary: Accept-Encoding
Keep-Alive: timeout=5, max=97
Connection: Keep-Alive
Transfer-Encoding: chunked
Content-Type: text/html; charset=utf-8
</responseHeader>
  <requestHeader class="java.lang.String">Connection: keep-alive
Host: pdi.dev
User-Agent: Apache-HttpClient/4.2.6 (java 1.5)
</requestHeader>
  <cookies class="java.lang.String"></cookies>
  <method class="java.lang.String">GET</method>
  <queryString class="java.lang.String"></queryString>
</httpSample>
<httpSample t="1051" lt="936" ts="1459626349720" s="true" lb="HTTP Request" rc="200" rm="OK" tn="Jmeter Users 1-8" dt="text" by="42243" ng="9" na="9">
  <responseHeader class="java.lang.String">HTTP/1.1 200 OK
Date: Sat, 02 Apr 2016 19:45:42 GMT
Server: Apache/2.4.7 (Ubuntu)
X-Content-Type-Options: nosniff
X-Powered-By: PHP/5.5.9-1ubuntu4.14
X-Drupal-Cache: MISS
Expires: Sun, 26 June 1978 05:00:00 GMT
Cache-Control: no-cache, must-revalidate, post-check=0, pre-check=0
X-Content-Type-Options: nosniff
Content-Language: en
X-Generator: Drupal 7 (http://drupal.org)
Link: &lt;http://pdi.dev/contact-us&gt;; rel=&quot;canonical&quot;,&lt;http://pdi.dev/node/29&gt;; rel=&quot;shortlink&quot;
Vary: Accept-Encoding
Keep-Alive: timeout=5, max=99
Connection: Keep-Alive
Transfer-Encoding: chunked
Content-Type: text/html; charset=utf-8
</responseHeader>
  <requestHeader class="java.lang.String">Connection: keep-alive
Host: pdi.dev
User-Agent: Apache-HttpClient/4.2.6 (java 1.5)
</requestHeader>
  <cookies class="java.lang.String"></cookies>
  <method class="java.lang.String">GET</method>
  <queryString class="java.lang.String"></queryString>
</httpSample>
<httpSample t="27" lt="21" ts="1459626350772" s="true" lb="Home Page" rc="200" rm="OK" tn="Jmeter Users 1-8" dt="text" by="41511" ng="9" na="9">
  <responseHeader class="java.lang.String">HTTP/1.1 200 OK
Date: Sat, 02 Apr 2016 19:45:43 GMT
Server: Apache/2.4.7 (Ubuntu)
X-Content-Type-Options: nosniff
X-Powered-By: PHP/5.5.9-1ubuntu4.14
X-Drupal-Cache: HIT
Expires: Sun, 26 June 1978 05:00:00 GMT
Etag: &quot;1459620838-0&quot;
Content-Language: en
X-Generator: Drupal 7 (http://drupal.org)
Link: &lt;http://pdi.dev/&gt;; rel=&quot;canonical&quot;,&lt;http://pdi.dev/&gt;; rel=&quot;shortlink&quot;
Cache-Control: public, max-age=0
Last-Modified: Sat, 02 Apr 2016 18:13:58 GMT
Vary: Cookie,Accept-Encoding
Keep-Alive: timeout=5, max=98
Connection: Keep-Alive
Transfer-Encoding: chunked
Content-Type: text/html; charset=utf-8
</responseHeader>
  <requestHeader class="java.lang.String">Connection: keep-alive
Host: pdi.dev
User-Agent: Apache-HttpClient/4.2.6 (java 1.5)
</requestHeader>
  <cookies class="java.lang.String"></cookies>
  <method class="java.lang.String">GET</method>
  <queryString class="java.lang.String"></queryString>
</httpSample>
<httpSample t="1078" lt="931" ts="1459626349739" s="true" lb="HTTP Request" rc="200" rm="OK" tn="Jmeter Users 1-3" dt="text" by="42243" ng="9" na="9">
  <responseHeader class="java.lang.String">HTTP/1.1 200 OK
Date: Sat, 02 Apr 2016 19:45:42 GMT
Server: Apache/2.4.7 (Ubuntu)
X-Content-Type-Options: nosniff
X-Powered-By: PHP/5.5.9-1ubuntu4.14
X-Drupal-Cache: MISS
Expires: Sun, 26 June 1978 05:00:00 GMT
Cache-Control: no-cache, must-revalidate, post-check=0, pre-check=0
X-Content-Type-Options: nosniff
Content-Language: en
X-Generator: Drupal 7 (http://drupal.org)
Link: &lt;http://pdi.dev/contact-us&gt;; rel=&quot;canonical&quot;,&lt;http://pdi.dev/node/29&gt;; rel=&quot;shortlink&quot;
Vary: Accept-Encoding
Keep-Alive: timeout=5, max=97
Connection: Keep-Alive
Transfer-Encoding: chunked
Content-Type: text/html; charset=utf-8
</responseHeader>
  <requestHeader class="java.lang.String">Connection: keep-alive
Host: pdi.dev
User-Agent: Apache-HttpClient/4.2.6 (java 1.5)
</requestHeader>
  <cookies class="java.lang.String"></cookies>
  <method class="java.lang.String">GET</method>
  <queryString class="java.lang.String"></queryString>
</httpSample>
<httpSample t="1077" lt="982" ts="1459626349824" s="true" lb="HTTP Request" rc="200" rm="OK" tn="Jmeter Users 1-9" dt="text" by="42243" ng="8" na="8">
  <responseHeader class="java.lang.String">HTTP/1.1 200 OK
Date: Sat, 02 Apr 2016 19:45:42 GMT
Server: Apache/2.4.7 (Ubuntu)
X-Content-Type-Options: nosniff
X-Powered-By: PHP/5.5.9-1ubuntu4.14
X-Drupal-Cache: MISS
Expires: Sun, 26 June 1978 05:00:00 GMT
Cache-Control: no-cache, must-revalidate, post-check=0, pre-check=0
X-Content-Type-Options: nosniff
Content-Language: en
X-Generator: Drupal 7 (http://drupal.org)
Link: &lt;http://pdi.dev/contact-us&gt;; rel=&quot;canonical&quot;,&lt;http://pdi.dev/node/29&gt;; rel=&quot;shortlink&quot;
Vary: Accept-Encoding
Keep-Alive: timeout=5, max=99
Connection: Keep-Alive
Transfer-Encoding: chunked
Content-Type: text/html; charset=utf-8
</responseHeader>
  <requestHeader class="java.lang.String">Connection: keep-alive
Host: pdi.dev
User-Agent: Apache-HttpClient/4.2.6 (java 1.5)
</requestHeader>
  <cookies class="java.lang.String"></cookies>
  <method class="java.lang.String">GET</method>
  <queryString class="java.lang.String"></queryString>
</httpSample>
<httpSample t="33" lt="22" ts="1459626350902" s="true" lb="Home Page" rc="200" rm="OK" tn="Jmeter Users 1-9" dt="text" by="41511" ng="8" na="8">
  <responseHeader class="java.lang.String">HTTP/1.1 200 OK
Date: Sat, 02 Apr 2016 19:45:43 GMT
Server: Apache/2.4.7 (Ubuntu)
X-Content-Type-Options: nosniff
X-Powered-By: PHP/5.5.9-1ubuntu4.14
X-Drupal-Cache: HIT
Expires: Sun, 26 June 1978 05:00:00 GMT
Etag: &quot;1459620838-0&quot;
Content-Language: en
X-Generator: Drupal 7 (http://drupal.org)
Link: &lt;http://pdi.dev/&gt;; rel=&quot;canonical&quot;,&lt;http://pdi.dev/&gt;; rel=&quot;shortlink&quot;
Cache-Control: public, max-age=0
Last-Modified: Sat, 02 Apr 2016 18:13:58 GMT
Vary: Cookie,Accept-Encoding
Keep-Alive: timeout=5, max=98
Connection: Keep-Alive
Transfer-Encoding: chunked
Content-Type: text/html; charset=utf-8
</responseHeader>
  <requestHeader class="java.lang.String">Connection: keep-alive
Host: pdi.dev
User-Agent: Apache-HttpClient/4.2.6 (java 1.5)
</requestHeader>
  <cookies class="java.lang.String"></cookies>
  <method class="java.lang.String">GET</method>
  <queryString class="java.lang.String"></queryString>
</httpSample>
<httpSample t="1078" lt="965" ts="1459626349920" s="true" lb="HTTP Request" rc="200" rm="OK" tn="Jmeter Users 1-10" dt="text" by="42243" ng="8" na="8">
  <responseHeader class="java.lang.String">HTTP/1.1 200 OK
Date: Sat, 02 Apr 2016 19:45:42 GMT
Server: Apache/2.4.7 (Ubuntu)
X-Content-Type-Options: nosniff
X-Powered-By: PHP/5.5.9-1ubuntu4.14
X-Drupal-Cache: MISS
Expires: Sun, 26 June 1978 05:00:00 GMT
Cache-Control: no-cache, must-revalidate, post-check=0, pre-check=0
X-Content-Type-Options: nosniff
Content-Language: en
X-Generator: Drupal 7 (http://drupal.org)
Link: &lt;http://pdi.dev/contact-us&gt;; rel=&quot;canonical&quot;,&lt;http://pdi.dev/node/29&gt;; rel=&quot;shortlink&quot;
Vary: Accept-Encoding
Keep-Alive: timeout=5, max=99
Connection: Keep-Alive
Transfer-Encoding: chunked
Content-Type: text/html; charset=utf-8
</responseHeader>
  <requestHeader class="java.lang.String">Connection: keep-alive
Host: pdi.dev
User-Agent: Apache-HttpClient/4.2.6 (java 1.5)
</requestHeader>
  <cookies class="java.lang.String"></cookies>
  <method class="java.lang.String">GET</method>
  <queryString class="java.lang.String"></queryString>
</httpSample>
<httpSample t="1071" lt="962" ts="1459626349967" s="true" lb="HTTP Request" rc="200" rm="OK" tn="Jmeter Users 1-4" dt="text" by="42243" ng="8" na="8">
  <responseHeader class="java.lang.String">HTTP/1.1 200 OK
Date: Sat, 02 Apr 2016 19:45:42 GMT
Server: Apache/2.4.7 (Ubuntu)
X-Content-Type-Options: nosniff
X-Powered-By: PHP/5.5.9-1ubuntu4.14
X-Drupal-Cache: MISS
Expires: Sun, 26 June 1978 05:00:00 GMT
Cache-Control: no-cache, must-revalidate, post-check=0, pre-check=0
X-Content-Type-Options: nosniff
Content-Language: en
X-Generator: Drupal 7 (http://drupal.org)
Link: &lt;http://pdi.dev/contact-us&gt;; rel=&quot;canonical&quot;,&lt;http://pdi.dev/node/29&gt;; rel=&quot;shortlink&quot;
Vary: Accept-Encoding
Keep-Alive: timeout=5, max=97
Connection: Keep-Alive
Transfer-Encoding: chunked
Content-Type: text/html; charset=utf-8
</responseHeader>
  <requestHeader class="java.lang.String">Connection: keep-alive
Host: pdi.dev
User-Agent: Apache-HttpClient/4.2.6 (java 1.5)
</requestHeader>
  <cookies class="java.lang.String"></cookies>
  <method class="java.lang.String">GET</method>
  <queryString class="java.lang.String"></queryString>
</httpSample>
<httpSample t="51" lt="42" ts="1459626350999" s="true" lb="Home Page" rc="200" rm="OK" tn="Jmeter Users 1-10" dt="text" by="41511" ng="7" na="7">
  <responseHeader class="java.lang.String">HTTP/1.1 200 OK
Date: Sat, 02 Apr 2016 19:45:43 GMT
Server: Apache/2.4.7 (Ubuntu)
X-Content-Type-Options: nosniff
X-Powered-By: PHP/5.5.9-1ubuntu4.14
X-Drupal-Cache: HIT
Expires: Sun, 26 June 1978 05:00:00 GMT
Etag: &quot;1459620838-0&quot;
Content-Language: en
X-Generator: Drupal 7 (http://drupal.org)
Link: &lt;http://pdi.dev/&gt;; rel=&quot;canonical&quot;,&lt;http://pdi.dev/&gt;; rel=&quot;shortlink&quot;
Cache-Control: public, max-age=0
Last-Modified: Sat, 02 Apr 2016 18:13:58 GMT
Vary: Cookie,Accept-Encoding
Keep-Alive: timeout=5, max=98
Connection: Keep-Alive
Transfer-Encoding: chunked
Content-Type: text/html; charset=utf-8
</responseHeader>
  <requestHeader class="java.lang.String">Connection: keep-alive
Host: pdi.dev
User-Agent: Apache-HttpClient/4.2.6 (java 1.5)
</requestHeader>
  <cookies class="java.lang.String"></cookies>
  <method class="java.lang.String">GET</method>
  <queryString class="java.lang.String"></queryString>
</httpSample>
<httpSample t="1015" lt="911" ts="1459626350224" s="true" lb="HTTP Request" rc="200" rm="OK" tn="Jmeter Users 1-5" dt="text" by="42243" ng="7" na="7">
  <responseHeader class="java.lang.String">HTTP/1.1 200 OK
Date: Sat, 02 Apr 2016 19:45:42 GMT
Server: Apache/2.4.7 (Ubuntu)
X-Content-Type-Options: nosniff
X-Powered-By: PHP/5.5.9-1ubuntu4.14
X-Drupal-Cache: MISS
Expires: Sun, 26 June 1978 05:00:00 GMT
Cache-Control: no-cache, must-revalidate, post-check=0, pre-check=0
X-Content-Type-Options: nosniff
Content-Language: en
X-Generator: Drupal 7 (http://drupal.org)
Link: &lt;http://pdi.dev/contact-us&gt;; rel=&quot;canonical&quot;,&lt;http://pdi.dev/node/29&gt;; rel=&quot;shortlink&quot;
Vary: Accept-Encoding
Keep-Alive: timeout=5, max=97
Connection: Keep-Alive
Transfer-Encoding: chunked
Content-Type: text/html; charset=utf-8
</responseHeader>
  <requestHeader class="java.lang.String">Connection: keep-alive
Host: pdi.dev
User-Agent: Apache-HttpClient/4.2.6 (java 1.5)
</requestHeader>
  <cookies class="java.lang.String"></cookies>
  <method class="java.lang.String">GET</method>
  <queryString class="java.lang.String"></queryString>
</httpSample>
<httpSample t="977" lt="922" ts="1459626350268" s="true" lb="HTTP Request" rc="200" rm="OK" tn="Jmeter Users 1-1" dt="text" by="42243" ng="6" na="6">
  <responseHeader class="java.lang.String">HTTP/1.1 200 OK
Date: Sat, 02 Apr 2016 19:45:42 GMT
Server: Apache/2.4.7 (Ubuntu)
X-Content-Type-Options: nosniff
X-Powered-By: PHP/5.5.9-1ubuntu4.14
X-Drupal-Cache: MISS
Expires: Sun, 26 June 1978 05:00:00 GMT
Cache-Control: no-cache, must-revalidate, post-check=0, pre-check=0
X-Content-Type-Options: nosniff
Content-Language: en
X-Generator: Drupal 7 (http://drupal.org)
Link: &lt;http://pdi.dev/contact-us&gt;; rel=&quot;canonical&quot;,&lt;http://pdi.dev/node/29&gt;; rel=&quot;shortlink&quot;
Vary: Accept-Encoding
Keep-Alive: timeout=5, max=99
Connection: Keep-Alive
Transfer-Encoding: chunked
Content-Type: text/html; charset=utf-8
</responseHeader>
  <requestHeader class="java.lang.String">Connection: keep-alive
Host: pdi.dev
User-Agent: Apache-HttpClient/4.2.6 (java 1.5)
</requestHeader>
  <cookies class="java.lang.String"></cookies>
  <method class="java.lang.String">GET</method>
  <queryString class="java.lang.String"></queryString>
</httpSample>
<httpSample t="39" lt="31" ts="1459626351245" s="true" lb="Home Page" rc="200" rm="OK" tn="Jmeter Users 1-1" dt="text" by="41511" ng="6" na="6">
  <responseHeader class="java.lang.String">HTTP/1.1 200 OK
Date: Sat, 02 Apr 2016 19:45:43 GMT
Server: Apache/2.4.7 (Ubuntu)
X-Content-Type-Options: nosniff
X-Powered-By: PHP/5.5.9-1ubuntu4.14
X-Drupal-Cache: HIT
Expires: Sun, 26 June 1978 05:00:00 GMT
Etag: &quot;1459620838-0&quot;
Content-Language: en
X-Generator: Drupal 7 (http://drupal.org)
Link: &lt;http://pdi.dev/&gt;; rel=&quot;canonical&quot;,&lt;http://pdi.dev/&gt;; rel=&quot;shortlink&quot;
Cache-Control: public, max-age=0
Last-Modified: Sat, 02 Apr 2016 18:13:58 GMT
Vary: Cookie,Accept-Encoding
Keep-Alive: timeout=5, max=98
Connection: Keep-Alive
Transfer-Encoding: chunked
Content-Type: text/html; charset=utf-8
</responseHeader>
  <requestHeader class="java.lang.String">Connection: keep-alive
Host: pdi.dev
User-Agent: Apache-HttpClient/4.2.6 (java 1.5)
</requestHeader>
  <cookies class="java.lang.String"></cookies>
  <method class="java.lang.String">GET</method>
  <queryString class="java.lang.String"></queryString>
</httpSample>
<httpSample t="958" lt="874" ts="1459626350464" s="true" lb="HTTP Request" rc="200" rm="OK" tn="Jmeter Users 1-6" dt="text" by="42243" ng="6" na="6">
  <responseHeader class="java.lang.String">HTTP/1.1 200 OK
Date: Sat, 02 Apr 2016 19:45:43 GMT
Server: Apache/2.4.7 (Ubuntu)
X-Content-Type-Options: nosniff
X-Powered-By: PHP/5.5.9-1ubuntu4.14
X-Drupal-Cache: MISS
Expires: Sun, 26 June 1978 05:00:00 GMT
Cache-Control: no-cache, must-revalidate, post-check=0, pre-check=0
X-Content-Type-Options: nosniff
Content-Language: en
X-Generator: Drupal 7 (http://drupal.org)
Link: &lt;http://pdi.dev/contact-us&gt;; rel=&quot;canonical&quot;,&lt;http://pdi.dev/node/29&gt;; rel=&quot;shortlink&quot;
Vary: Accept-Encoding
Keep-Alive: timeout=5, max=97
Connection: Keep-Alive
Transfer-Encoding: chunked
Content-Type: text/html; charset=utf-8
</responseHeader>
  <requestHeader class="java.lang.String">Connection: keep-alive
Host: pdi.dev
User-Agent: Apache-HttpClient/4.2.6 (java 1.5)
</requestHeader>
  <cookies class="java.lang.String"></cookies>
  <method class="java.lang.String">GET</method>
  <queryString class="java.lang.String"></queryString>
</httpSample>
<httpSample t="712" lt="656" ts="1459626350800" s="true" lb="HTTP Request" rc="200" rm="OK" tn="Jmeter Users 1-8" dt="text" by="42243" ng="5" na="5">
  <responseHeader class="java.lang.String">HTTP/1.1 200 OK
Date: Sat, 02 Apr 2016 19:45:43 GMT
Server: Apache/2.4.7 (Ubuntu)
X-Content-Type-Options: nosniff
X-Powered-By: PHP/5.5.9-1ubuntu4.14
X-Drupal-Cache: MISS
Expires: Sun, 26 June 1978 05:00:00 GMT
Cache-Control: no-cache, must-revalidate, post-check=0, pre-check=0
X-Content-Type-Options: nosniff
Content-Language: en
X-Generator: Drupal 7 (http://drupal.org)
Link: &lt;http://pdi.dev/contact-us&gt;; rel=&quot;canonical&quot;,&lt;http://pdi.dev/node/29&gt;; rel=&quot;shortlink&quot;
Vary: Accept-Encoding
Keep-Alive: timeout=5, max=97
Connection: Keep-Alive
Transfer-Encoding: chunked
Content-Type: text/html; charset=utf-8
</responseHeader>
  <requestHeader class="java.lang.String">Connection: keep-alive
Host: pdi.dev
User-Agent: Apache-HttpClient/4.2.6 (java 1.5)
</requestHeader>
  <cookies class="java.lang.String"></cookies>
  <method class="java.lang.String">GET</method>
  <queryString class="java.lang.String"></queryString>
</httpSample>
<httpSample t="791" lt="733" ts="1459626350726" s="true" lb="HTTP Request" rc="200" rm="OK" tn="Jmeter Users 1-7" dt="text" by="42243" ng="4" na="4">
  <responseHeader class="java.lang.String">HTTP/1.1 200 OK
Date: Sat, 02 Apr 2016 19:45:43 GMT
Server: Apache/2.4.7 (Ubuntu)
X-Content-Type-Options: nosniff
X-Powered-By: PHP/5.5.9-1ubuntu4.14
X-Drupal-Cache: MISS
Expires: Sun, 26 June 1978 05:00:00 GMT
Cache-Control: no-cache, must-revalidate, post-check=0, pre-check=0
X-Content-Type-Options: nosniff
Content-Language: en
X-Generator: Drupal 7 (http://drupal.org)
Link: &lt;http://pdi.dev/contact-us&gt;; rel=&quot;canonical&quot;,&lt;http://pdi.dev/node/29&gt;; rel=&quot;shortlink&quot;
Vary: Accept-Encoding
Keep-Alive: timeout=5, max=97
Connection: Keep-Alive
Transfer-Encoding: chunked
Content-Type: text/html; charset=utf-8
</responseHeader>
  <requestHeader class="java.lang.String">Connection: keep-alive
Host: pdi.dev
User-Agent: Apache-HttpClient/4.2.6 (java 1.5)
</requestHeader>
  <cookies class="java.lang.String"></cookies>
  <method class="java.lang.String">GET</method>
  <queryString class="java.lang.String"></queryString>
</httpSample>
<httpSample t="628" lt="603" ts="1459626350935" s="true" lb="HTTP Request" rc="200" rm="OK" tn="Jmeter Users 1-9" dt="text" by="42243" ng="3" na="3">
  <responseHeader class="java.lang.String">HTTP/1.1 200 OK
Date: Sat, 02 Apr 2016 19:45:43 GMT
Server: Apache/2.4.7 (Ubuntu)
X-Content-Type-Options: nosniff
X-Powered-By: PHP/5.5.9-1ubuntu4.14
X-Drupal-Cache: MISS
Expires: Sun, 26 June 1978 05:00:00 GMT
Cache-Control: no-cache, must-revalidate, post-check=0, pre-check=0
X-Content-Type-Options: nosniff
Content-Language: en
X-Generator: Drupal 7 (http://drupal.org)
Link: &lt;http://pdi.dev/contact-us&gt;; rel=&quot;canonical&quot;,&lt;http://pdi.dev/node/29&gt;; rel=&quot;shortlink&quot;
Vary: Accept-Encoding
Keep-Alive: timeout=5, max=97
Connection: Keep-Alive
Transfer-Encoding: chunked
Content-Type: text/html; charset=utf-8
</responseHeader>
  <requestHeader class="java.lang.String">Connection: keep-alive
Host: pdi.dev
User-Agent: Apache-HttpClient/4.2.6 (java 1.5)
</requestHeader>
  <cookies class="java.lang.String"></cookies>
  <method class="java.lang.String">GET</method>
  <queryString class="java.lang.String"></queryString>
</httpSample>
<httpSample t="572" lt="554" ts="1459626351051" s="true" lb="HTTP Request" rc="200" rm="OK" tn="Jmeter Users 1-10" dt="text" by="42243" ng="2" na="2">
  <responseHeader class="java.lang.String">HTTP/1.1 200 OK
Date: Sat, 02 Apr 2016 19:45:43 GMT
Server: Apache/2.4.7 (Ubuntu)
X-Content-Type-Options: nosniff
X-Powered-By: PHP/5.5.9-1ubuntu4.14
X-Drupal-Cache: MISS
Expires: Sun, 26 June 1978 05:00:00 GMT
Cache-Control: no-cache, must-revalidate, post-check=0, pre-check=0
X-Content-Type-Options: nosniff
Content-Language: en
X-Generator: Drupal 7 (http://drupal.org)
Link: &lt;http://pdi.dev/contact-us&gt;; rel=&quot;canonical&quot;,&lt;http://pdi.dev/node/29&gt;; rel=&quot;shortlink&quot;
Vary: Accept-Encoding
Keep-Alive: timeout=5, max=97
Connection: Keep-Alive
Transfer-Encoding: chunked
Content-Type: text/html; charset=utf-8
</responseHeader>
  <requestHeader class="java.lang.String">Connection: keep-alive
Host: pdi.dev
User-Agent: Apache-HttpClient/4.2.6 (java 1.5)
</requestHeader>
  <cookies class="java.lang.String"></cookies>
  <method class="java.lang.String">GET</method>
  <queryString class="java.lang.String"></queryString>
</httpSample>
<httpSample t="375" lt="361" ts="1459626351285" s="true" lb="HTTP Request" rc="200" rm="OK" tn="Jmeter Users 1-1" dt="text" by="42243" ng="1" na="1">
  <responseHeader class="java.lang.String">HTTP/1.1 200 OK
Date: Sat, 02 Apr 2016 19:45:43 GMT
Server: Apache/2.4.7 (Ubuntu)
X-Content-Type-Options: nosniff
X-Powered-By: PHP/5.5.9-1ubuntu4.14
X-Drupal-Cache: MISS
Expires: Sun, 26 June 1978 05:00:00 GMT
Cache-Control: no-cache, must-revalidate, post-check=0, pre-check=0
X-Content-Type-Options: nosniff
Content-Language: en
X-Generator: Drupal 7 (http://drupal.org)
Link: &lt;http://pdi.dev/contact-us&gt;; rel=&quot;canonical&quot;,&lt;http://pdi.dev/node/29&gt;; rel=&quot;shortlink&quot;
Vary: Accept-Encoding
Keep-Alive: timeout=5, max=97
Connection: Keep-Alive
Transfer-Encoding: chunked
Content-Type: text/html; charset=utf-8
</responseHeader>
  <requestHeader class="java.lang.String">Connection: keep-alive
Host: pdi.dev
User-Agent: Apache-HttpClient/4.2.6 (java 1.5)
</requestHeader>
  <cookies class="java.lang.String"></cookies>
  <method class="java.lang.String">GET</method>
  <queryString class="java.lang.String"></queryString>
</httpSample>

</testResults>
